Cam Newton,QB,455,28.47,16,3837,35,636,10,0,0,4,0,0,10,0,0,0,0,0
Tom Brady,QB,406,25.36,16,4770,36,53,3,0,0,2,0,0,7,0,0,0,0,0
Blake Bortles,QB,404,25.27,16,4428,35,310,2,0,0,5,0,0,18,0,0,0,0,0
Russell Wilson,QB,398,24.91,16,4024,34,553,1,0,0,3,0,0,8,0,0,0,0,0
Carson Palmer,QB,382,23.87,16,4671,35,24,1,0,0,2,0,0,11,0,0,0,0,0
Drew Brees,QB,379,25.26,15,4870,32,14,1,0,0,2,0,0,11,0,0,0,0,0
Eli Manning,QB,368,22.99,16,4436,35,61,0,0,0,4,0,0,14,0,0,0,0,0
Matthew Stafford,QB,363,22.69,16,4262,32,159,1,0,0,2,0,0,13,0,0,0,0,0
Kirk Cousins,QB,359,22.44,16,4166,29,48,5,0,0,3,0,0,11,0,0,0,0,0
Philip Rivers,QB,358,22.4,16,4792,29,28,0,0,0,2,0,0,13,0,0,0,0,0
Ryan Fitzpatrick,QB,358,22.39,16,3905,31,270,2,0,0,2,0,0,15,0,0,0,0,0
Aaron Rodgers,QB,355,22.22,16,3821,31,344,1,0,0,4,0,0,8,0,0,0,0,0
Jameis Winston,QB,347,21.69,16,4042,22,210,6,0,0,2,0,0,15,0,0,0,0,0
Derek Carr,QB,341,21.32,16,3987,32,138,0,0,0,3,0,0,13,0,0,0,0,0
Ryan Tannehill,QB,326,20.41,16,4208,24,141,1,0,0,3,0,0,12,0,0,0,0,0
Matt Ryan,QB,320,19.99,16,4591,21,63,0,0,0,5,0,0,16,0,0,0,0,0
Alex Smith,QB,316,19.76,16,3486,20,498,2,0,0,0,0,0,7,0,0,0,0,0
Tyrod Taylor,QB,313,22.32,14,3035,20,568,4,0,0,1,0,0,6,0,0,0,0,0
Andy Dalton,QB,295,22.67,13,3250,25,142,3,0,0,2,0,0,7,0,0,0,0,0
Jay Cutler,QB,293,19.54,15,3659,21,201,1,0,0,5,0,0,11,0,0,0,0,0
Ben Roethlisberger,QB,284,23.65,12,3938,21,29,0,0,0,0,0,0,16,0,0,0,0,0
Sam Bradford,QB,266,19.01,14,3725,19,39,0,0,0,3,0,0,14,0,0,0,0,0
Teddy Bridgewater,QB,255,15.92,16,3231,14,192,3,0,0,3,0,0,9,0,0,0,0,0
Marcus Mariota,QB,254,21.18,12,2818,19,252,2,0,0,6,0,0,10,0,0,0,0,0
Joe Flacco,QB,216,21.59,10,2791,14,23,3,0,0,2,0,0,12,0,0,0,0,0
Brian Hoyer,QB,211,19.15,11,2606,19,44,0,0,0,2,0,0,7,0,0,0,0,0
Andrew Luck,QB,174,24.81,7,1881,15,196,0,0,0,1,0,0,12,0,0,0,0,0
Josh McCown,QB,169,21.16,8,2109,12,98,1,0,0,6,0,0,4,0,0,0,0,0
Blaine Gabbert,QB,166,20.76,8,2031,10,185,1,0,0,1,0,0,7,0,0,0,0,0
Brock Osweiler,QB,150,16.72,9,1967,10,61,1,0,0,1,0,0,6,0,0,0,0,0
Peyton Manning,QB,148,14.79,10,2249,9,-6,0,0,0,0,0,0,17,0,0,0,0,0
Nick Foles,QB,139,12.6,11,2052,7,20,1,0,0,2,0,0,10,0,0,0,0,0
Colin Kaepernick,QB,136,15.15,9,1615,6,256,1,0,0,1,0,0,5,0,0,0,0,0
Johnny Manziel,QB,126,12.6,10,1500,7,230,0,0,0,3,0,0,5,0,0,0,0,0
Matt Hasselbeck,QB,122,15.25,8,1690,9,15,0,0,0,2,0,0,5,0,0,0,0,0
Ryan Mallett,QB,94,11.79,8,1336,5,15,1,0,0,0,0,0,6,0,0,0,0,0
Matt Cassel,QB,92,9.16,10,1276,5,78,0,0,0,0,0,0,7,0,0,0,0,0
Brandon Weeden,QB,83,13.82,6,1044,5,47,1,0,0,1,0,0,2,0,0,0,0,0
A.J. McCarron,QB,70,9.97,7,854,6,31,0,0,0,1,0,0,2,0,0,0,0,0
Zach Mettenberger,QB,70,9.94,7,935,4,8,1,0,0,2,0,0,7,0,0,0,0,0
Tony Romo,QB,66,16.38,4,884,5,13,0,0,0,1,0,0,7,0,0,0,0,0
Case Keenum,QB,58,9.65,6,828,4,5,0,0,0,2,0,0,1,0,0,0,0,0
Kellen Moore,QB,55,18.28,3,779,4,-1,0,0,0,1,0,0,6,0,0,0,0,0
EJ Manuel,QB,52,7.49,7,561,3,64,1,0,0,1,0,0,3,0,0,0,0,0
Mark Sanchez,QB,49,9.8,5,616,4,22,0,0,0,1,0,0,4,0,0,0,0,0
Jimmy Clausen,QB,49,9.71,5,739,2,36,0,0,0,0,0,0,4,0,0,0,0,0
Matt Schaub,QB,40,20,2,540,3,10,0,0,0,0,0,0,4,0,0,0,0,0
Landry Jones,QB,37,5.31,7,513,3,-5,0,0,0,1,0,0,4,0,0,0,0,0
Michael Vick,QB,36,7.29,5,371,2,99,0,0,0,0,0,0,1,0,0,0,0,0
Austin Davis,QB,35,11.55,3,547,1,33,0,0,0,2,0,0,3,0,0,0,0,0
T.J. Yates,QB,30,7.62,4,370,3,0,0,0,0,1,0,0,1,0,0,0,0,0
Geno Smith,QB,25,24.65,1,265,2,34,0,0,0,0,0,0,1,0,0,0,0,0
Luke McCown,QB,17,2.09,8,335,0,0,0,0,0,0,0,0,1,0,0,0,0,0
Matthew McGloin,QB,15,7.55,2,142,2,0,0,0,0,1,0,0,1,0,0,0,0,0
Dan Orlovsky,QB,14,4.68,3,201,1,0,0,0,0,0,0,0,1,0,0,0,0,0
Josh Freeman,QB,14,13.85,1,149,1,24,0,0,0,0,0,0,1,0,0,0,0,0
Colt McCoy,QB,10,10.1,1,128,1,-3,0,0,0,0,0,0,0,0,0,0,0,0
Alex Tanney,QB,9,8.95,1,99,1,0,0,0,0,0,0,0,0,0,0,0,0,0
Charlie Whitehurst,QB,8,1.52,5,150,0,1,0,0,0,0,0,0,1,0,0,0,0,0
Ryan Nassib,QB,7,7.4,1,68,1,0,0,0,0,0,0,0,0,0,0,0,0,0
Kellen Clemens,QB,7,3.52,2,63,1,-1,0,0,0,0,0,0,0,0,0,0,0,0
Ryan Lindley,QB,7,6.9,1,58,1,0,0,0,0,0,0,0,0,0,0,0,0,0
Drew Stanton,QB,4,0.56,7,104,0,-13,0,0,0,0,0,0,2,0,0,0,0,0
Derek Anderson,QB,2,0.53,3,36,0,-2,0,0,0,0,0,0,0,0,0,0,0,0
Sean Mannion,QB,2,1.55,1,31,0,0,0,0,0,0,0,0,0,0,0,0,0,0
Tarvaris Jackson,QB,1,0.26,4,37,0,-8,0,0,0,0,0,0,0,0,0,0,0,0
B.J. Daniels,QB,1,0.12,8,7,0,6,0,0,0,0,0,0,0,0,0,0,0,0
Matt Moore,QB,0,0.5,1,14,0,-2,0,0,0,0,0,0,0,0,0,0,0,0
Shaun Hill,QB,0,0.08,3,15,0,-5,0,0,0,0,0,0,0,0,0,0,0,0
Sean Renfree,QB,0,0.07,2,11,0,-4,0,0,0,0,0,0,1,0,0,0,0,0
Tyler Murphy,QB,0,0,2,0,0,0,0,0,0,0,0,0,0,0,0,0,0,0
Chase Daniel,QB,0,0,2,4,0,-2,0,0,0,0,0,0,0,0,0,0,0,0
Garrett Grayson,QB,0,0,1,0,0,0,0,0,0,0,0,0,0,0,0,0,0,0
Trevor Siemian,QB,0,-0.1,1,0,0,-1,0,0,0,0,0,0,0,0,0,0,0,0
Joe Webb,QB,0,-0.01,16,0,0,-1,0,0,0,0,0,0,0,0,0,0,0,0
Scott Tolzien,QB,0,-0.03,3,4,0,-3,0,0,0,0,0,0,0,0,0,0,0,0
Jimmy Garoppolo,QB,0,-0.04,5,6,0,-5,0,0,0,0,0,0,0,0,0,0,0,0
Antonio Brown,WR,246,15.39,16,0,0,28,0,1834,10,2,0,0,0,0,0,0,0,0
Julio Jones,WR,235,14.69,16,0,0,0,0,1871,8,1,0,0,0,0,0,0,0,0
Brandon Marshall,WR,234,14.64,16,0,0,0,0,1502,14,2,0,0,0,0,0,0,0,0
Allen Robinson,WR,224,14,16,0,0,0,0,1400,14,0,0,0,0,0,0,0,0,0
Odell Beckham,WR,223,14.89,15,0,0,3,0,1450,13,0,0,0,0,0,0,0,0,0
DeAndre Hopkins,WR,218,13.63,16,0,0,0,0,1521,11,0,0,0,0,0,0,0,0,0
Doug Baldwin,WR,191,11.93,16,0,0,0,0,1069,14,0,0,0,0,0,0,0,0,0
A.J. Green,WR,190,11.86,16,0,0,0,0,1297,10,1,0,0,0,0,0,0,0,0
Larry Fitzgerald,WR,176,10.97,16,0,0,0,0,1215,9,2,0,0,0,0,0,0,0,0
Calvin Johnson,WR,175,10.96,16,0,0,0,0,1214,9,1,0,0,0,0,0,0,0,0
Eric Decker,WR,175,11.65,15,0,0,0,0,1027,12,1,0,0,0,0,0,0,0,0
Brandin Cooks,WR,170,10.6,16,0,0,18,0,1138,9,0,0,0,0,0,0,0,0,0
Demaryius Thomas,WR,166,10.4,16,0,0,0,0,1304,6,2,0,0,0,0,0,0,0,0
Allen Hurns,WR,163,10.87,15,0,0,0,0,1031,10,1,0,0,0,0,0,0,0,0
Sammy Watkins,WR,159,12.22,13,0,0,1,0,1047,9,0,0,0,0,0,0,0,0,0
Jeremy Maclin,WR,158,10.55,15,0,0,14,0,1088,8,1,0,0,0,0,0,0,0,0
Jarvis Landry,WR,157,9.81,16,0,0,113,1,1157,4,0,0,0,0,0,0,0,0,0
Emmanuel Sanders,WR,152,10.16,15,0,0,29,0,1135,6,2,0,0,0,0,0,0,0,0
Jordan Matthews,WR,148,9.23,16,0,0,0,0,997,8,1,0,0,0,0,0,0,0,0
Michael Crabtree,WR,146,9.14,16,0,0,0,0,922,9,0,0,0,0,0,0,0,0,0
Tavon Austin,WR,145,9.04,16,0,0,434,4,473,5,2,0,0,0,0,0,0,0,0
John Brown,WR,144,9.63,15,0,0,22,0,1003,7,1,0,0,0,0,0,0,0,0
Amari Cooper,WR,143,8.92,16,0,0,-3,0,1070,6,1,0,0,0,0,0,0,0,0
T.Y. Hilton,WR,142,8.9,16,0,0,0,0,1124,5,0,0,0,0,0,0,0,0,0
Ted Ginn,WR,140,9.33,15,0,0,60,0,739,10,0,0,0,0,0,0,0,0,0
Mike Evans,WR,139,9.24,15,0,0,0,0,1206,3,1,0,0,0,0,0,0,0,0
James Jones,WR,137,8.56,16,0,0,0,0,890,8,0,0,0,0,0,0,0,0,0
Travis Benjamin,WR,128,7.99,16,0,0,12,0,966,5,2,0,0,0,0,0,0,0,0
Rueben Randle,WR,128,7.98,16,0,0,0,0,797,8,0,0,0,0,0,0,0,0,0
Kamar Aiken,WR,124,7.78,16,0,0,0,0,944,5,1,0,0,0,0,0,0,0,0
Randall Cobb,WR,124,7.74,16,0,0,50,0,829,6,0,0,0,0,0,0,0,0,0
Martavis Bryant,WR,122,11.11,11,0,0,37,1,765,6,1,0,0,0,0,0,0,0,0
Golden Tate,WR,121,7.59,16,0,0,41,0,813,6,1,0,0,0,0,0,0,0,0
Michael Floyd,WR,121,8.06,15,0,0,0,0,849,6,0,0,0,0,0,0,0,0,0
Willie Snead,WR,116,7.76,15,0,0,0,0,984,3,1,0,0,0,0,0,0,0,0
Pierre Garcon,WR,114,7.11,16,0,0,0,0,777,6,0,0,0,0,0,0,0,0,0
Julian Edelman,WR,114,12.61,9,0,0,23,0,692,7,1,0,0,0,0,0,0,0,0
Donte Moncrief,WR,109,6.83,16,0,0,0,0,733,6,0,0,0,0,0,0,0,0,0
Marvin Jones,WR,109,6.81,16,0,0,33,0,816,4,0,0,0,0,0,0,0,0,0
Markus Wheaton,WR,105,6.56,16,0,0,0,0,749,5,0,0,0,0,0,0,0,0,0
Alshon Jeffery,WR,105,11.63,9,0,0,0,0,807,4,0,0,0,0,0,0,0,0,0
Tyler Lockett,WR,104,6.53,16,0,0,20,0,664,6,1,0,0,0,0,0,0,0,0
Anquan Boldin,WR,103,7.35,14,0,0,0,0,789,4,1,0,0,0,0,0,0,0,0
Terrance Williams,WR,102,6.38,16,0,0,0,0,840,3,0,0,0,0,0,0,0,0,0
Jermaine Kearse,WR,98,6.16,16,0,0,0,0,685,5,0,0,0,0,0,0,0,0,0
Stefon Diggs,WR,97,7.48,13,0,0,13,0,720,4,0,0,0,0,0,0,0,0,0
Keenan Allen,WR,96,12.06,8,0,0,0,0,725,4,1,0,0,0,0,0,0,0,0
Rishard Matthews,WR,91,8.24,11,0,0,4,0,662,4,0,0,0,0,0,0,0,0,0
Torrey Smith,WR,90,5.64,16,0,0,0,0,663,4,0,0,0,0,0,0,0,0,0
Nate Washington,WR,90,6.41,14,0,0,0,0,658,4,0,0,0,0,0,0,0,0,0
Kenny Britt,WR,86,5.38,16,0,0,0,0,681,3,0,0,0,0,0,0,0,0,0
Steve Smith,WR,85,12.14,7,0,0,0,0,670,3,0,0,0,0,0,0,0,0,0
Danny Amendola,WR,84,5.99,14,0,0,11,0,648,3,1,0,0,0,0,0,0,0,0
Cole Beasley,WR,84,5.22,16,0,0,0,0,536,5,2,0,0,0,0,0,0,0,0
Dorial Green-Beckham,WR,79,4.93,16,0,0,0,0,549,4,0,0,0,0,0,0,0,0,0
Seth Roberts,WR,78,4.88,16,0,0,0,0,480,5,0,0,0,0,0,0,0,0,0
Devin Funchess,WR,77,4.83,16,0,0,0,0,473,5,1,0,0,0,0,0,0,0,0
DeSean Jackson,WR,77,7.68,10,0,0,0,0,528,4,1,0,0,0,0,0,0,0,0
Marques Colston,WR,76,5.85,13,0,0,0,0,520,4,0,0,0,0,0,0,0,0,0
Andre Johnson,WR,74,4.64,16,0,0,0,0,503,4,0,0,0,0,0,0,0,0,0
Malcom Floyd,WR,74,4.94,15,0,0,0,0,561,3,1,0,0,0,0,0,0,0,0
Robert Woods,WR,73,5.23,14,0,0,0,0,552,3,1,0,0,0,0,0,0,0,0
Jamison Crowder,WR,73,4.54,16,0,0,2,0,604,2,1,0,0,0,0,0,0,0,0
Philly Brown,WR,72,5.18,14,0,0,38,0,447,4,0,0,0,0,0,0,0,0,0
Vincent Jackson,WR,72,7.23,10,0,0,0,0,543,3,0,0,0,0,0,0,0,0,0
Jerricho Cotchery,WR,68,4.86,14,0,0,16,0,485,3,0,0,0,0,0,0,0,0,0
Stevie Johnson,WR,68,6.77,10,0,0,0,0,497,3,0,0,0,0,0,0,0,0,0
DeVante Parker,WR,67,4.49,15,0,0,0,0,494,3,0,0,0,0,0,0,0,0,0
Dontrelle Inman,WR,67,4.76,14,0,0,0,0,486,3,1,0,0,0,0,0,0,0,0
Cecil Shorts,WR,65,5.92,11,0,0,47,0,484,2,1,0,0,0,0,0,0,0,0
Dwayne Harris,WR,65,4.32,15,0,0,12,0,396,4,0,0,0,0,0,0,0,0,0
Brian Hartline,WR,64,5.36,12,0,0,0,0,523,2,0,0,0,0,0,0,0,0,0
Kenny Stills,WR,62,3.88,16,0,0,0,0,440,3,0,0,0,0,0,0,0,0,0
Kendall Wright,WR,60,6.05,10,0,0,17,0,408,3,0,0,0,0,0,0,0,0,0
Mike Wallace,WR,60,3.74,16,0,0,6,0,473,2,0,0,0,0,0,0,0,0,0
Albert Wilson,WR,60,4.26,14,0,0,26,0,451,2,0,0,0,0,0,0,0,0,0
Mohamed Sanu,WR,58,3.66,16,0,0,71,2,394,0,0,0,0,0,0,0,0,0,0
Dez Bryant,WR,58,6.46,9,0,0,0,0,401,3,0,0,0,0,0,0,0,0,0
Lance Moore,WR,58,4.12,14,0,0,0,0,337,4,1,0,0,0,0,0,0,0,0
Brandon Coleman,WR,57,3.59,16,0,0,0,0,454,2,0,0,0,0,0,0,0,0,0
Chris Hogan,WR,57,3.59,16,0,0,4,0,450,2,0,0,0,0,0,0,0,0,0
Roddy White,WR,57,3.54,16,0,0,0,0,506,1,0,0,0,0,0,0,0,0,0
Davante Adams,WR,54,4.18,13,0,0,0,0,483,1,0,0,0,0,0,0,0,0,0
Harry Douglas,WR,52,3.75,14,0,0,-6,0,411,2,1,0,0,0,0,0,0,0,0
Marquess Wilson,WR,52,4.76,11,0,0,0,0,464,1,0,0,0,0,0,0,0,0,0
Brandon LaFell,WR,52,4.76,11,0,0,9,0,515,0,0,0,0,0,0,0,0,0,0
Leonard Hankerson,WR,52,5.19,10,0,0,0,0,339,3,0,0,0,0,0,0,0,0,0
Josh Huff,WR,49,3.28,15,0,0,0,0,312,3,0,0,0,0,0,0,0,0,0
Jarius Wright,WR,47,2.94,16,0,0,29,0,442,0,1,0,0,0,0,0,0,0,0
Quinton Patton,WR,46,2.87,16,0,0,5,0,394,1,0,0,0,0,0,0,0,0,0
Riley Cooper,WR,45,2.79,16,0,0,0,0,327,2,0,0,0,0,0,0,0,0,0
Andre Holmes,WR,44,2.76,16,0,0,0,0,201,4,0,0,0,0,0,0,0,0,0
Darrius Heyward-Bey,WR,43,2.71,16,0,0,0,0,314,2,0,0,0,0,0,0,0,0,0
Chris Givens,WR,43,2.87,15,0,0,18,0,353,1,0,0,0,0,0,0,0,0,0
Bryan Walters,WR,43,3.89,11,0,0,0,0,368,1,0,0,0,0,0,0,0,0,0
J.J. Nelson,WR,42,3.81,11,0,0,0,0,299,2,1,0,0,0,0,0,0,0,0
Keshawn Martin,WR,40,4.39,9,0,0,6,0,269,2,1,0,0,0,0,0,0,0,0
Ryan Grant,WR,39,2.42,16,0,0,0,0,268,2,0,0,0,0,0,0,0,0,0
Jeremy Butler,WR,36,4.54,8,0,0,0,0,363,0,0,0,0,0,0,0,0,0,0
Josh Bellamy,WR,34,2.15,16,0,0,0,0,224,2,0,0,0,0,0,0,0,0,0
Nelson Agholor,WR,34,2.64,13,0,0,0,0,283,1,1,0,0,0,0,0,0,0,0
Jaelen Strong,WR,34,3.41,10,0,0,0,0,161,3,0,0,0,0,0,0,0,0,0
Justin Hunter,WR,32,3.6,9,0,0,0,0,264,1,0,0,0,0,0,0,0,0,0
Adam Humphries,WR,32,2.46,13,0,0,0,0,260,1,0,0,0,0,0,0,0,0,0
Quincy Enunwa,WR,32,2.62,12,0,0,0,0,315,0,0,0,0,0,0,0,0,0,0
Percy Harvin,WR,31,6.18,5,0,0,31,0,218,1,0,0,0,0,0,0,0,0,0
Jaron Brown,WR,31,1.91,16,0,0,0,0,246,1,0,0,0,0,0,0,0,0,0
Phillip Dorsett,WR,30,2.75,11,0,0,17,0,225,1,1,0,0,0,0,0,0,0,0
Marc Mariani,WR,30,1.88,16,0,0,0,0,300,0,1,0,0,0,0,0,0,0,0
Eddie Royal,WR,30,3.3,9,0,0,-1,0,238,1,0,0,0,0,0,0,0,0,0
De'Anthony Thomas,WR,29,2.94,10,0,0,34,1,140,1,1,0,0,0,0,0,0,0,0
Marqise Lee,WR,29,2.89,10,0,0,38,0,191,1,0,0,0,0,0,0,0,0,0
Miles Austin,WR,28,2.58,11,0,0,0,0,224,1,0,0,0,0,0,0,0,0,0
Nick Williams,WR,28,1.99,14,0,0,0,0,159,2,0,0,0,0,0,0,0,0,0
Andrew Hawkins,WR,28,3.45,8,0,0,0,0,276,0,1,0,0,0,0,0,0,0,0
Jeremy Kerley,WR,27,1.7,16,0,0,0,0,152,2,0,0,0,0,0,0,0,0,0
Ty Montgomery,WR,27,4.5,6,0,0,14,0,136,2,0,0,0,0,0,0,0,0,0
Greg Jennings,WR,27,1.68,16,0,0,0,0,208,1,0,0,0,0,0,0,0,0,0
Griff Whalen,WR,26,1.89,14,0,0,0,0,205,1,2,0,0,0,0,0,0,0,0
Chris Conley,WR,26,1.62,16,0,0,0,0,199,1,0,0,0,0,0,0,0,0,0
Brice Butler,WR,26,3.69,7,0,0,0,0,258,0,0,0,0,0,0,0,0,0,0
Rashad Ross,WR,24,1.88,13,0,0,0,0,184,1,0,0,0,0,0,0,0,0,0
Stedman Bailey,WR,24,3.02,8,0,0,0,0,182,1,0,0,0,0,0,0,0,0,0
Taylor Gabriel,WR,24,1.85,13,0,0,0,0,241,0,1,0,0,0,0,0,0,0,0
Adam Thielen,WR,23,1.46,16,0,0,89,0,144,0,0,0,0,0,0,0,0,0,0
Rashad Greene,WR,21,2.37,9,0,0,0,0,93,2,0,0,0,0,0,0,0,0,0
Chris Matthews,WR,21,1.62,13,0,0,0,0,151,1,0,0,0,0,0,0,0,0,0
Javontee Herndon,WR,21,2.6,8,0,0,13,0,195,0,1,0,0,0,0,0,0,0,0
Jordan Norwood,WR,21,1.73,12,0,0,0,0,207,0,0,0,0,0,0,0,0,0,0
Bennie Fowler,WR,20,1.27,16,0,0,0,0,203,0,0,0,0,0,0,0,0,0,0
Louis Murphy,WR,20,3.3,6,0,0,0,0,198,0,0,0,0,0,0,0,0,0,0
Andre Caldwell,WR,20,1.39,14,0,0,3,0,72,2,0,0,0,0,0,0,0,0,0
Justin Hardy,WR,19,2.16,9,0,0,0,0,194,0,0,0,0,0,0,0,0,0,0
Donteea Dye,WR,19,1.92,10,0,0,0,0,132,1,0,0,0,0,0,0,0,0,0
T.J. Jones,WR,19,1.89,10,0,0,-3,0,132,1,1,0,0,0,0,0,0,0,0
Devin Smith,WR,18,1.75,10,0,0,0,0,115,1,1,0,0,0,0,0,0,0,0
Devin Street,WR,17,1.24,14,0,0,0,0,114,1,1,0,0,0,0,0,0,0,0
Kenbrell Thompkins,WR,16,2.36,7,0,0,0,0,165,0,0,0,0,0,0,0,0,0,0
Bruce Ellington,WR,16,1.23,13,0,0,7,0,153,0,1,0,0,0,0,0,0,0,0
Tyrell Williams,WR,15,3,5,0,0,0,0,90,1,0,0,0,0,0,0,0,0,0
Myles White,WR,15,1.23,12,0,0,0,0,88,1,0,0,0,0,0,0,0,0,0
Marlon Moore,WR,14,1.01,14,0,0,0,0,81,1,0,0,0,0,0,0,0,0,0
Aaron Dobson,WR,14,1.76,8,0,0,0,0,141,0,0,0,0,0,0,0,0,0,0
Andre Roberts,WR,14,1.5,9,0,0,0,0,135,0,0,0,0,0,0,0,0,0,0
Keith Mumphery,WR,13,0.81,16,0,0,0,0,129,0,0,0,0,0,0,0,0,0,0
Ricardo Lockette,WR,13,1.61,8,0,0,0,0,69,1,0,0,0,0,0,0,0,0,0
Charles Johnson,WR,13,1.15,11,0,0,0,0,127,0,0,0,0,0,0,0,0,0,0
Lucky Whitehead,WR,12,0.82,15,0,0,107,0,16,0,1,0,0,0,0,0,0,0,0
Cameron Meredith,WR,12,1.09,11,0,0,0,0,120,0,0,0,0,0,0,0,0,0,0
Cody Latimer,WR,12,0.86,14,0,0,1,0,59,1,0,0,0,0,0,0,0,0,0
Brandon Tate,WR,12,0.74,16,0,0,0,0,59,1,0,0,0,0,0,0,0,0,0
Brenton Bersin,WR,12,1.32,9,0,0,0,0,119,0,1,0,0,0,0,0,0,0,0
Jason Avant,WR,12,0.74,16,0,0,0,0,119,0,0,0,0,0,0,0,0,0,0
Marcus Easley,WR,12,0.91,13,0,0,0,0,58,1,0,0,0,0,0,0,0,0,0
Darius Jennings,WR,12,2.92,4,0,0,0,0,117,0,0,0,0,0,0,0,0,0,0
Jerome Simpson,WR,11,2.28,5,0,0,0,0,54,1,0,0,0,0,0,0,0,0,0
Marlon Brown,WR,11,1.12,10,0,0,0,0,112,0,0,0,0,0,0,0,0,0,0
Michael Campanaro,WR,11,2.8,4,0,0,17,1,35,0,0,0,0,0,0,0,0,0,0
Jared Abbrederis,WR,11,1.23,9,0,0,0,0,111,0,0,0,0,0,0,0,0,0,0
Wes Welker,WR,10,1.27,8,0,0,0,0,102,0,0,0,0,0,0,0,0,0,0
Brian Quick,WR,10,0.78,13,0,0,0,0,102,0,0,0,0,0,0,0,0,0,0
Jeremy Ross,WR,9,0.82,11,0,0,2,0,88,0,3,0,0,0,0,0,0,0,0
Russell Shepard,WR,9,0.68,13,0,0,0,0,28,1,0,0,0,0,0,0,0,0,0
Bradley Marquez,WR,9,0.55,16,0,0,0,0,88,0,1,0,0,0,0,0,0,0,0
Chris Owusu,WR,9,2.9,3,0,0,0,0,87,0,0,0,0,0,0,0,0,0,0
Corey Fuller,WR,8,0.69,12,0,0,0,0,83,0,1,0,0,0,0,0,0,0,0
Deonte Thompson,WR,8,1.16,7,0,0,0,0,81,0,0,0,0,0,0,0,0,0,0
Jeff Janis,WR,8,0.49,16,0,0,0,0,79,0,0,0,0,0,0,0,0,0,0
Tre McBride,WR,8,1.09,7,0,0,8,0,8,1,0,0,0,0,0,0,0,0,0
Daniel Brown,WR,6,1.07,6,0,0,0,0,64,0,0,0,0,0,0,0,0,0,0
Hakeem Nicks,WR,5,0.9,6,0,0,0,0,54,0,0,0,0,0,0,0,0,0,0
Dwayne Bowe,WR,5,0.76,7,0,0,0,0,53,0,0,0,0,0,0,0,0,0,0
Kevin Smith,WR,4,0.61,7,0,0,0,0,43,0,0,0,0,0,0,0,0,0,0
Preston Parker,WR,4,2.15,2,0,0,0,0,43,0,0,0,0,0,0,0,0,0,0
Terrelle Pryor,WR,4,1.37,3,0,0,-1,0,42,0,0,0,0,0,0,0,0,0,0
Greg Salas,WR,4,2.05,2,0,0,0,0,41,0,0,0,0,0,0,0,0,0,0
Paul Richardson,WR,4,4,1,0,0,0,0,40,0,0,0,0,0,0,0,0,0,0
Andrew Turzilli,WR,2,0.83,3,0,0,0,0,25,0,0,0,0,0,0,0,0,0,0
Cordarrelle Patterson,WR,2,0.16,16,0,0,15,0,10,0,1,0,0,0,0,0,0,0,0
Marquise Goodwin,WR,2,1.2,2,0,0,0,0,24,0,0,0,0,0,0,0,0,0,0
T.J. Graham,WR,2,0.6,4,0,0,0,0,24,0,0,0,0,0,0,0,0,0,0
Vincent Brown,WR,2,2.2,1,0,0,0,0,22,0,0,0,0,0,0,0,0,0,0
Geremy Davis,WR,2,0.21,10,0,0,0,0,21,0,0,0,0,0,0,0,0,0,0
DeAndrew White,WR,2,0.45,4,0,0,0,0,18,0,0,0,0,0,0,0,0,0,0
Darren Waller,WR,2,0.3,6,0,0,0,0,18,0,0,0,0,0,0,0,0,0,0
Eric Weems,WR,2,0.09,16,0,0,4,0,11,0,0,0,0,0,0,0,0,0,0
Mario Alford,WR,2,1.5,1,0,0,0,0,15,0,0,0,0,0,0,0,0,0,0
Chandler Worthy,WR,1,0.47,3,0,0,0,0,14,0,0,0,0,0,0,0,0,0,0
Kasen Williams,WR,1,0.65,2,0,0,5,0,8,0,0,0,0,0,0,0,0,0,0
Sammie Coates,WR,1,0.16,7,0,0,0,0,11,0,0,0,0,0,0,0,0,0,0
Jonathan Krause,WR,1,0.55,2,0,0,0,0,11,0,0,0,0,0,0,0,0,0,0
Ben Edwards,WR,1,0.45,2,0,0,0,0,9,0,0,0,0,0,0,0,0,0,0
Tony Washington,WR,1,0.2,4,0,0,8,0,0,0,0,0,0,0,0,0,0,0,0
Rod Streater,WR,1,0.8,1,0,0,0,0,8,0,0,0,0,0,0,0,0,0,0
Chris Harper,WR,1,0.12,5,0,0,0,0,6,0,1,0,0,0,0,0,0,0,0
Damaris Johnson,WR,1,0.6,1,0,0,6,0,0,0,0,0,0,0,0,0,0,0,0
Brittan Golden,WR,0,0.03,16,0,0,0,0,5,0,0,0,0,0,0,0,0,0,0
Seyi Ajirotutu,WR,0,0.03,13,0,0,0,0,4,0,0,0,0,0,0,0,0,0,0
Kevin Norwood,WR,0,0,1,0,0,0,0,0,0,0,0,0,0,0,0,0,0,0
Matt Slater,WR,0,0,16,0,0,0,0,0,0,0,0,0,0,0,0,0,0,0
Dri Archer,WR,0,0,8,0,0,0,0,0,0,0,0,0,0,0,0,0,0,0
Kaelin Clay,WR,0,0,7,0,0,0,0,0,0,0,0,0,0,0,0,0,0,0
Frankie Hammond Jr.,WR,0,0,10,0,0,0,0,0,0,1,0,0,0,0,0,0,0,0
Matt Hazel,WR,0,0,5,0,0,0,0,0,0,0,0,0,0,0,0,0,0,0
Devin Hester,WR,0,0,5,0,0,0,0,0,0,0,0,0,0,0,0,0,0,0
Seantavius Jones,WR,0,0,3,0,0,0,0,0,0,0,0,0,0,0,0,0,0,0
Denarius Moore,WR,0,0,5,0,0,0,0,0,0,1,0,0,0,0,0,0,0,0
Dezmin Lewis,WR,0,0,1,0,0,0,0,0,0,0,0,0,0,0,0,0,0,0
Walter Powell,WR,0,0,2,0,0,0,0,0,0,0,0,0,0,0,0,0,0,0
Vince Mayle,WR,0,0,1,0,0,0,0,0,0,0,0,0,0,0,0,0,0,0
Rannell Hall,WR,0,0,1,0,0,0,0,0,0,0,0,0,0,0,0,0,0,0
Neal Sterling,WR,0,0,9,0,0,0,0,0,0,0,0,0,0,0,0,0,0,0
Nick Toon,WR,0,0,1,0,0,0,0,0,0,0,0,0,0,0,0,0,0,0
Rico Richardson,WR,0,0,5,0,0,0,0,0,0,0,0,0,0,0,0,0,0,0
Evan Spencer,WR,0,0,1,0,0,0,0,0,0,0,0,0,0,0,0,0,0,0
Joseph Morgan,WR,0,0,2,0,0,0,0,0,0,0,0,0,0,0,0,0,0,0
Quan Bray,WR,0,0,9,0,0,0,0,0,0,0,0,0,0,0,0,0,0,0
Jacoby Jones,WR,0,0,9,0,0,0,0,0,0,1,0,0,0,0,0,0,0,0
Marcus Thigpen,WR,0,-0.01,9,0,0,-1,0,0,0,2,0,0,0,0,0,0,0,0
Devonta Freeman,RB,247,16.49,15,0,0,1056,11,578,3,2,0,0,0,0,0,0,0,0
Adrian Peterson,RB,237,14.79,16,0,0,1485,11,222,0,3,0,0,0,0,0,0,0,0
Doug Martin,RB,209,13.08,16,0,0,1402,6,271,1,5,0,0,0,0,0,0,0,0
DeAngelo Williams,RB,193,12.09,16,0,0,907,11,367,0,2,0,0,0,0,0,0,0,0
Todd Gurley,RB,189,14.57,13,0,0,1106,10,188,0,1,0,0,0,0,0,0,0,0
Lamar Miller,RB,187,11.68,16,0,0,872,8,397,2,1,0,0,0,0,0,0,0,0
Chris Ivory,RB,177,11.78,15,0,0,1070,7,217,1,2,0,0,0,0,0,0,0,0
David Johnson,RB,176,10.99,16,0,0,581,8,457,4,1,0,0,0,0,0,0,0,0
Matt Forte,RB,171,13.13,13,0,0,898,4,389,3,1,0,0,0,0,0,0,0,0
Latavius Murray,RB,166,10.36,16,0,0,1066,6,232,0,1,0,0,0,0,0,0,0,0
Frank Gore,RB,165,10.34,16,0,0,967,6,267,1,3,0,0,0,0,0,0,0,0
Danny Woodhead,RB,163,10.19,16,0,0,336,3,755,6,0,0,0,0,0,0,0,0,0
Darren McFadden,RB,160,9.98,16,0,0,1089,3,328,0,3,0,0,0,0,0,0,0,0
Jeremy Hill,RB,159,9.96,16,0,0,794,11,79,1,3,0,0,0,0,0,0,0,0
Mark Ingram,RB,153,12.78,12,0,0,769,6,405,0,1,0,0,0,0,0,0,0,0
Jonathan Stewart,RB,151,11.6,13,0,0,989,6,99,1,2,0,0,0,0,0,0,0,0
LeSean McCoy,RB,149,12.39,12,0,0,895,3,292,2,2,0,0,0,0,0,0,0,0
DeMarco Murray,RB,144,9.63,15,0,0,702,6,322,1,2,0,0,0,0,0,0,0,0
Rashad Jennings,RB,140,8.74,16,0,0,863,3,296,1,2,0,0,0,0,0,0,0,0
Ronnie Hillman,RB,139,8.71,16,0,0,863,7,111,0,1,0,0,0,0,0,0,0,0
Charles Sims,RB,133,8.31,16,0,0,529,0,561,4,2,0,0,0,0,0,0,0,0
Giovani Bernard,RB,132,8.26,16,0,0,730,2,472,0,0,0,0,0,0,0,0,0,0
James Starks,RB,129,8.08,16,0,0,601,2,392,3,3,0,0,0,0,0,0,0,0
Eddie Lacy,RB,125,8.31,15,0,0,758,3,188,2,2,0,0,0,0,0,0,0,0
Jeremy Langford,RB,124,7.72,16,0,0,537,6,279,1,0,0,0,0,0,0,0,0,0
Thomas Rawls,RB,121,9.28,13,0,0,830,4,76,1,1,0,0,0,0,0,0,0,0
C.J. Anderson,RB,120,8.02,15,0,0,720,5,183,0,2,0,0,0,0,0,0,0,0
T.J. Yeldon,RB,120,9.99,12,0,0,740,2,279,1,0,0,0,0,0,0,0,0,0
Isaiah Crowell,RB,119,7.42,16,0,0,706,4,182,1,0,0,0,0,0,0,0,0,0
LeGarrette Blount,RB,117,9.72,12,0,0,703,6,43,1,0,0,0,0,0,0,0,0,0
Karlos Williams,RB,115,10.48,11,0,0,517,7,96,2,1,0,0,0,0,0,0,0,0
Charcandrick West,RB,115,7.65,15,0,0,634,4,214,1,1,0,0,0,0,0,0,0,0
Ryan Mathews,RB,110,8.5,13,0,0,539,6,146,1,3,0,0,0,0,0,0,0,0
Chris Johnson,RB,105,9.56,11,0,0,814,3,58,0,2,0,0,0,0,0,0,0,0
Javorius Allen,RB,105,6.54,16,0,0,514,1,353,2,2,0,0,0,0,0,0,0,0
Matt Jones,RB,103,7.95,13,0,0,490,3,304,1,4,0,0,0,0,0,0,0,0
Duke Johnson,RB,103,6.46,16,0,0,379,0,534,2,0,0,0,0,0,0,0,0,0
Theo Riddick,RB,101,6.31,16,0,0,133,0,697,3,1,0,0,0,0,0,0,0,0
Shane Vereen,RB,100,6.22,16,0,0,260,0,495,4,0,0,0,0,0,0,0,0,0
Alfred Blue,RB,99,6.58,15,0,0,698,2,109,1,1,0,0,0,0,0,0,0,0
Ameer Abdullah,RB,96,6,16,0,0,597,2,183,1,2,0,0,0,0,0,0,0,0
Darren Sproles,RB,94,5.91,16,0,0,317,3,388,1,0,0,0,0,0,0,0,0,0
Justin Forsett,RB,91,9.14,10,0,0,641,2,153,0,0,0,0,0,0,0,0,0,0
Bilal Powell,RB,88,8.01,11,0,0,313,1,388,2,0,0,0,0,0,0,0,0,0
Antonio Andrews,RB,87,6.24,14,0,0,520,3,174,0,1,0,0,0,0,0,0,0,0
Le'Veon Bell,RB,87,14.53,6,0,0,556,3,136,0,0,0,0,0,0,0,0,0,0
Alfred Morris,RB,87,5.41,16,0,0,751,1,55,0,0,0,0,0,0,0,0,0,0
Dion Lewis,RB,86,12.31,7,0,0,234,2,388,2,1,0,0,0,0,0,0,0,0
Jamaal Charles,RB,84,16.82,5,0,0,364,4,177,1,2,0,0,0,0,0,0,0,0
Joique Bell,RB,84,6.44,13,0,0,311,4,286,0,0,0,0,0,0,0,0,0,0
Melvin Gordon,RB,83,5.95,14,0,0,641,0,192,0,4,0,0,0,0,0,0,0,0
James White,RB,83,5.9,14,0,0,56,2,410,4,0,0,0,0,0,0,0,0,0
Spencer Ware,RB,77,6.98,11,0,0,403,6,5,0,0,0,0,0,0,0,0,0,0
Tim Hightower,RB,74,9.3,8,0,0,375,4,129,0,0,0,0,0,0,0,0,0,0
Carlos Hyde,RB,70,10.04,7,0,0,470,3,53,0,0,0,0,0,0,0,0,0,0
Marshawn Lynch,RB,68,9.67,7,0,0,417,3,80,0,0,0,0,0,0,0,0,0,0
Mike Tolbert,RB,65,4.06,16,0,0,256,1,154,3,0,0,0,0,0,0,0,0,0
Joseph Randle,RB,64,10.67,6,0,0,313,4,87,0,0,0,0,0,0,0,0,0,0
Dexter McCluster,RB,63,5.22,12,0,0,247,1,260,1,2,0,0,0,0,0,0,0,0
Jerick McKinnon,RB,62,3.9,16,0,0,271,2,173,1,0,0,0,0,0,0,0,0,0
Andre Ellington,RB,62,6.17,10,0,0,289,3,148,0,1,0,0,0,0,0,0,0,0
Chris Thompson,RB,58,4.43,13,0,0,216,0,240,2,0,0,0,0,0,0,0,0,0
Jonathan Grimes,RB,58,4.11,14,0,0,282,1,173,1,0,0,0,0,0,0,0,0,0
Arian Foster,RB,57,14.25,4,0,0,163,1,227,2,1,0,0,0,0,0,0,0,0
Kyle Juszczyk,RB,56,3.52,16,0,0,3,0,321,4,0,0,0,0,0,0,0,0,0
Chris Polk,RB,56,3.75,15,0,0,334,1,109,1,0,0,0,0,0,0,0,0,0
Khiry Robinson,RB,54,6.69,8,0,0,180,4,115,0,0,0,0,0,0,0,0,0,0
Shaun Draughn,RB,51,4.63,11,0,0,273,1,176,0,0,0,0,0,0,0,0,0,0
Brandon Bolden,RB,51,3.38,15,0,0,207,0,180,2,0,0,0,0,0,0,0,0,0
Denard Robinson,RB,49,3.77,13,0,0,266,1,164,0,1,0,0,0,0,0,0,0,0
Marcel Reece,RB,48,3.23,15,0,0,36,0,269,3,0,0,0,0,0,0,0,0,0
Fred Jackson,RB,48,2.98,16,0,0,100,0,257,2,1,0,0,0,0,0,0,0,0
Mike Gillislee,RB,48,9.52,5,0,0,267,3,29,0,1,0,0,0,0,0,0,0,0
C.J. Spiller,RB,47,3.62,13,0,0,112,0,239,2,0,0,0,0,0,0,0,0,0
Tevin Coleman,RB,47,3.88,12,0,0,392,1,14,0,3,0,0,0,0,0,0,0,0
Bishop Sankey,RB,45,3.48,13,0,0,193,1,139,1,1,0,0,0,0,0,0,0,0
Benny Cunningham,RB,39,2.44,16,0,0,140,0,250,0,0,0,0,0,0,0,0,0,0
Donald Brown,RB,38,4.19,9,0,0,229,1,88,0,0,0,0,0,0,0,0,0,0
Ka'Deem Carey,RB,36,3.58,10,0,0,159,2,19,1,1,0,0,0,0,0,0,0,0
Tre Mason,RB,36,2.73,13,0,0,207,1,88,0,1,0,0,0,0,0,0,0,0
Jay Ajayi,RB,34,3.74,9,0,0,187,1,90,0,0,0,0,0,0,0,0,0,0
Ahmad Bradshaw,RB,33,5.48,6,0,0,85,0,64,3,0,0,0,0,0,0,0,0,0
Andre Williams,RB,32,2.02,16,0,0,257,1,7,0,0,0,0,0,0,0,0,0,0
Travaris Cadet,RB,30,4.31,7,0,0,28,0,214,1,1,0,0,0,0,0,0,0,0
Cameron Artis-Payne,RB,30,4.3,7,0,0,183,1,58,0,0,0,0,0,0,0,0,0,0
DuJuan Harris,RB,29,7.15,4,0,0,189,0,97,0,1,0,0,0,0,0,0,0,0
Zach Line,RB,28,1.78,16,0,0,10,2,95,1,0,0,0,0,0,0,0,0,0
Robert Turbin,RB,28,2.82,10,0,0,199,1,23,0,0,0,0,0,0,0,0,0,0
Lance Dunbar,RB,28,7.05,4,0,0,67,0,215,0,0,0,0,0,0,0,0,0,0
Damien Williams,RB,26,1.63,16,0,0,59,0,142,1,1,0,0,0,0,0,0,0,0
Christine Michael,RB,26,3.24,8,0,0,243,0,16,0,0,0,0,0,0,0,0,0,0
Jamize Olawale,RB,25,1.81,14,0,0,110,1,84,0,0,0,0,0,0,0,0,0,0
Jonas Gray,RB,25,3.15,8,0,0,176,0,76,0,0,0,0,0,0,0,0,0,0
Terrance West,RB,25,3.15,8,0,0,231,0,21,0,2,0,0,0,0,0,0,0,0
Matt Asiata,RB,24,1.52,16,0,0,112,0,132,0,0,0,0,0,0,0,0,0,0
Orleans Darkwa,RB,24,1.52,16,0,0,153,1,31,0,0,0,0,0,0,0,0,0,0
Taiwan Jones,RB,24,2,12,0,0,74,0,106,1,1,0,0,0,0,0,0,0,0
Foswhitt Whittaker,RB,23,1.55,15,0,0,108,1,64,0,0,0,0,0,0,0,0,0,0
Patrick DiMarco,RB,23,1.44,16,0,0,0,0,110,2,0,0,0,0,0,0,0,0,0
Terron Ward,RB,23,1.75,13,0,0,95,1,73,0,0,0,0,0,0,0,0,0,0
Branden Oliver,RB,22,2.75,8,0,0,108,0,112,0,0,0,0,0,0,0,0,0,0
Kerwynn Williams,RB,22,3.63,6,0,0,142,1,16,0,1,0,0,0,0,0,0,0,0
Zac Stacy,RB,21,2.67,8,0,0,89,1,65,0,0,0,0,0,0,0,0,0,0
Bruce Miller,RB,21,1.31,16,0,0,14,1,135,0,0,0,0,0,0,0,0,0,0
David Cobb,RB,20,2.91,7,0,0,146,1,-2,0,0,0,0,0,0,0,0,0,0
John Kuhn,RB,20,1.27,16,0,0,28,2,56,0,0,0,0,0,0,0,0,0,0
Jalston Fowler,RB,18,1.11,16,0,0,13,1,44,1,0,0,0,0,0,0,0,0,0
Roy Helu,RB,17,1.93,9,0,0,39,0,75,1,0,0,0,0,0,0,0,0,0
Rex Burkhead,RB,16,0.99,16,0,0,4,0,94,1,1,0,0,0,0,0,0,0,0
Knile Davis,RB,16,1.11,14,0,0,72,1,24,0,0,0,0,0,0,0,0,0,0
Anthony Dixon,RB,15,0.93,16,0,0,44,1,44,0,0,0,0,0,0,0,0,0,0
Pierre Thomas,RB,15,2.96,5,0,0,64,0,84,0,0,0,0,0,0,0,0,0,0
Kenjon Barner,RB,15,1.33,11,0,0,124,0,22,0,1,0,0,0,0,0,0,0,0
Lorenzo Taliaferro,RB,14,4.53,3,0,0,47,1,29,0,0,0,0,0,0,0,0,0,0
Akeem Hunt,RB,14,1.93,7,0,0,96,0,39,0,0,0,0,0,0,0,0,0,0
Bryce Brown,RB,13,4.4,3,0,0,72,1,0,0,0,0,0,0,0,0,0,0,0
Steven Jackson,RB,13,6.5,2,0,0,50,1,20,0,0,0,0,0,0,0,0,0,0
Will Tukuafu,RB,13,0.91,14,0,0,1,1,7,1,1,0,0,0,0,0,0,0,0
Dan Herron,RB,13,1.26,10,0,0,79,0,47,0,0,0,0,0,0,0,0,0,0
Kendall Gaskins,RB,11,1.19,9,0,0,38,0,69,0,0,0,0,0,0,0,0,0,0
Michael Burton,RB,10,0.63,16,0,0,2,0,39,1,0,0,0,0,0,0,0,0,0
Austin Johnson,RB,10,0.99,10,0,0,9,1,30,0,0,0,0,0,0,0,0,0,0
Juwan Thompson,RB,10,0.66,15,0,0,48,0,51,0,0,0,0,0,0,0,0,0,0
Mike Davis,RB,10,1.6,6,0,0,58,0,38,0,0,0,0,0,0,0,0,0,0
Stevan Ridley,RB,9,0.98,9,0,0,90,0,-2,0,0,0,0,0,0,0,0,0,0
Will Johnson,RB,8,0.52,16,0,0,7,1,16,0,0,0,0,0,0,0,0,0,0
Jarryd Hayne,RB,8,0.99,8,0,0,52,0,27,0,1,0,0,0,0,0,0,0,0
Zurlon Tipton,RB,8,0.77,10,0,0,20,0,57,0,0,0,0,0,0,0,0,0,0
Josh Robinson,RB,7,1.44,5,0,0,39,0,33,0,1,0,0,0,0,0,0,0,0
Zach Zenner,RB,7,1.18,6,0,0,60,0,11,0,0,0,0,0,0,0,0,0,0
Toby Gerhart,RB,7,0.96,7,0,0,44,0,23,0,0,0,0,0,0,0,0,0,0
Stepfan Taylor,RB,6,0.39,16,0,0,58,0,4,0,0,0,0,0,0,0,0,0,0
Tommy Bohanon,RB,6,0.36,16,0,0,2,0,56,0,0,0,0,0,0,0,0,0,0
Joey Iosefa,RB,5,2.55,2,0,0,51,0,0,0,0,0,0,0,0,0,0,0,0
Jacquizz Rodgers,RB,5,1.02,5,0,0,41,0,10,0,0,0,0,0,0,0,0,0,0
Reggie Bush,RB,5,0.94,5,0,0,28,0,19,0,0,0,0,0,0,0,0,0,0
Fitzgerald Toussaint,RB,4,0.84,5,0,0,42,0,0,0,0,0,0,0,0,0,0,0,0
Bobby Rainey,RB,3,0.21,16,0,0,18,0,16,0,1,0,0,0,0,0,0,0,0
Anthony Sherman,RB,3,0.21,16,0,0,0,0,34,0,0,0,0,0,0,0,0,0,0
Jay Prosch,RB,3,0.21,16,0,0,33,0,0,0,0,0,0,0,0,0,0,0,0
Darrel Young,RB,3,0.2,16,0,0,10,0,22,0,0,0,0,0,0,0,0,0,0
Derrick Coleman,RB,3,0.23,14,0,0,32,0,0,0,0,0,0,0,0,0,0,0,0
Jordan Todman,RB,2,0.2,11,0,0,22,0,0,0,0,0,0,0,0,0,0,0,0
John Crockett,RB,2,1.05,2,0,0,21,0,0,0,0,0,0,0,0,0,0,0,0
Tyler Varga,RB,2,0.67,3,0,0,2,0,18,0,0,0,0,0,0,0,0,0,0
Alonzo Harris,RB,2,0.32,6,0,0,19,0,0,0,0,0,0,0,0,0,0,0,0
Aaron Ripkowski,RB,2,0.12,15,0,0,0,0,18,0,0,0,0,0,0,0,0,0,0
Bernard Pierce,RB,2,0.26,7,0,0,11,0,7,0,0,0,0,0,0,0,0,0,0
Roosevelt Nix,RB,2,0.11,15,0,0,0,0,16,0,0,0,0,0,0,0,0,0,0
Jerome Felton,RB,2,0.1,16,0,0,2,0,14,0,0,0,0,0,0,0,0,0,0
Malcolm Johnson,RB,2,0.12,12,0,0,0,0,15,0,0,0,0,0,0,0,0,0,0
Malcolm Brown,RB,2,1.5,1,0,0,17,0,-2,0,0,0,0,0,0,0,0,0,0
Corey Grant,RB,2,0.25,6,0,0,2,0,13,0,1,0,0,0,0,0,0,0,0
Jorvorskie Lane,RB,1,0.08,16,0,0,0,0,13,0,0,0,0,0,0,0,0,0,0
Trey Williams,RB,1,0.6,2,0,0,12,0,0,0,0,0,0,0,0,0,0,0,0
Rod Smith,RB,1,0.1,11,0,0,5,0,6,0,0,0,0,0,0,0,0,0,0
Antone Smith,RB,1,0.22,5,0,0,11,0,0,0,0,0,0,0,0,0,0,0,0
Terrence Magee,RB,1,0.23,3,0,0,5,0,2,0,0,0,0,0,0,0,0,0,0
Tyler Clutts,RB,0,0.03,16,0,0,0,0,4,0,0,0,0,0,0,0,0,0,0
Isaiah Pead,RB,0,0.15,2,0,0,3,0,0,0,1,0,0,0,0,0,0,0,0
Kendall Hunter,RB,0,0.1,2,0,0,2,0,0,0,0,0,0,0,0,0,0,0,0
George Winn,RB,0,0.01,7,0,0,1,0,0,0,0,0,0,0,0,0,0,0,0
Nikita Whitlock,RB,0,0,14,0,0,0,0,0,0,0,0,0,0,0,0,0,0,0
Marcus Murphy,RB,0,0,13,0,0,0,0,0,0,1,0,0,0,0,0,0,0,0
Joe Banyard,RB,0,0,5,0,0,0,0,0,0,0,0,0,0,0,0,0,0,0
Toben Opurum,RB,0,0,2,0,0,0,0,0,0,0,0,0,0,0,0,0,0,0
Chase Reynolds,RB,0,0,13,0,0,0,0,0,0,0,0,0,0,0,0,0,0,0
Dreamius Smith,RB,0,0,1,0,0,0,0,0,0,0,0,0,0,0,0,0,0,0
LaMichael James,RB,0,0,1,0,0,0,0,0,0,0,0,0,0,0,0,0,0,0
Brandon Wegher,RB,0,0,1,0,0,0,0,0,0,0,0,0,0,0,0,0,0,0
Kapri Bibbs,RB,0,0,1,0,0,0,0,0,0,0,0,0,0,0,0,0,0,0
Trey Watts,RB,0,0,1,0,0,0,0,0,0,0,0,0,0,0,0,0,0,0
Raheem Mostert,RB,0,0,11,0,0,0,0,0,0,1,0,0,0,0,0,0,0,0
Cierre Wood,RB,0,-0.1,3,0,0,3,0,-6,0,0,0,0,0,0,0,0,0,0
Glenn Winston,RB,-1,-0.27,3,0,0,-8,0,0,0,1,0,0,0,0,0,0,0,0
Rob Gronkowski,TE,184,12.24,15,0,0,0,0,1176,11,0,0,0,0,0,0,0,0,0
Jordan Reed,TE,162,11.57,14,0,0,0,0,960,11,2,0,0,0,0,0,0,0,0
Gary Barnidge,TE,158,9.89,16,0,0,0,0,1043,9,0,0,0,0,0,0,0,0,0
Greg Olsen,TE,152,9.53,16,0,0,0,0,1104,7,1,0,0,0,0,0,0,0,0
Delanie Walker,TE,148,9.89,15,0,0,36,0,1088,6,0,0,0,0,0,0,0,0,0
Tyler Eifert,TE,140,10.73,13,0,0,0,0,615,13,0,0,0,0,0,0,0,0,0
Benjamin Watson,TE,118,7.41,16,0,0,0,0,825,6,1,0,0,0,0,0,0,0,0
Travis Kelce,TE,118,7.34,16,0,0,0,0,875,5,2,0,0,0,0,0,0,0,0
Richard Rodgers,TE,100,6.26,16,0,0,11,0,510,8,0,0,0,0,0,0,0,0,0
Zach Ertz,TE,97,6.49,15,0,0,0,0,853,2,1,0,0,0,0,0,0,0,0
Antonio Gates,TE,93,8.45,11,0,0,0,0,630,5,0,0,0,0,0,0,0,0,0
Jason Witten,TE,89,5.58,16,0,0,0,0,713,3,1,0,0,0,0,0,0,0,0
Eric Ebron,TE,84,5.98,14,0,0,0,0,537,5,0,0,0,0,0,0,0,0,0
Kyle Rudolph,TE,80,4.97,16,0,0,0,0,495,5,0,0,0,0,0,0,0,0,0
Julius Thomas,TE,76,6.29,12,0,0,0,0,455,5,0,0,0,0,0,0,0,0,0
Zach Miller,TE,74,4.93,15,0,0,0,0,439,5,0,0,0,0,0,0,0,0,0
Jimmy Graham,TE,72,6.59,11,0,0,0,0,605,2,0,0,0,0,0,0,0,0,0
Jacob Tamme,TE,72,4.78,15,0,0,0,0,657,1,0,0,0,0,0,0,0,0,0
Charles Clay,TE,71,5.45,13,0,0,0,0,528,3,0,0,0,0,0,0,0,0,0
Owen Daniels,TE,70,4.36,16,0,0,0,0,517,3,0,0,0,0,0,0,0,0,0
Coby Fleener,TE,67,4.19,16,0,0,0,0,491,3,0,0,0,0,0,0,0,0,0
Ladarius Green,TE,67,5.15,13,0,0,0,0,429,4,0,0,0,0,0,0,0,0,0
Heath Miller,TE,66,4.38,15,0,0,2,0,535,2,0,0,0,0,0,0,0,0,0
Crockett Gillmore,TE,65,6.52,10,0,0,0,0,412,4,0,0,0,0,0,0,0,0,0
Will Tye,TE,64,4.95,13,0,0,0,0,464,3,1,0,0,0,0,0,0,0,0
Martellus Bennett,TE,62,5.63,11,0,0,0,0,439,3,0,0,0,0,0,0,0,0,0
Brent Celek,TE,58,3.61,16,0,0,0,0,398,3,0,0,0,0,0,0,0,0,0
Austin Seferian-Jenkins,TE,58,8.26,7,0,0,0,0,338,4,0,0,0,0,0,0,0,0,0
Jordan Cameron,TE,57,3.54,16,0,0,0,0,386,3,0,0,0,0,0,0,0,0,0
Clive Walford,TE,51,3.18,16,0,0,0,0,329,3,0,0,0,0,0,0,0,0,0
Vance McDonald,TE,51,3.61,14,0,0,0,0,326,3,0,0,0,0,0,0,0,0,0
Scott Chandler,TE,50,3.33,15,0,0,0,0,259,4,0,0,0,0,0,0,0,0,0
Darren Fells,TE,49,3.51,14,0,0,0,0,311,3,0,0,0,0,0,0,0,0,0
Jared Cook,TE,48,3.01,16,0,0,0,0,481,0,1,0,0,0,0,0,0,0,0
Cameron Brate,TE,47,3.34,14,0,0,0,0,288,3,0,0,0,0,0,0,0,0,0
Anthony Fasano,TE,41,2.56,16,0,0,0,0,289,2,0,0,0,0,0,0,0,0,0
Vernon Davis,TE,40,2.63,15,0,0,0,0,395,0,0,0,0,0,0,0,0,0,0
Ryan Griffin,TE,37,4.12,9,0,0,0,0,251,2,0,0,0,0,0,0,0,0,0
Garrett Celek,TE,37,3.33,11,0,0,0,0,186,3,0,0,0,0,0,0,0,0,0
Lance Kendricks,TE,36,2.43,15,0,0,0,0,245,2,0,0,0,0,0,0,0,0,0
Larry Donnell,TE,34,4.29,8,0,0,0,0,223,2,0,0,0,0,0,0,0,0,0
Mychal Rivera,TE,34,2.12,16,0,0,0,0,280,1,0,0,0,0,0,0,0,0,0
Maxx Williams,TE,33,2.34,14,0,0,0,0,268,1,0,0,0,0,0,0,0,0,0
Jermaine Gresham,TE,28,1.89,15,0,0,0,0,223,1,0,0,0,0,0,0,0,0,0
Luke Willson,TE,27,1.95,14,0,0,0,0,213,1,0,0,0,0,0,0,0,0,0
Michael Hoomanawanui,TE,26,1.83,14,0,0,0,0,76,3,1,0,0,0,0,0,0,0,0
Ed Dickson,TE,24,1.51,16,0,0,0,0,121,2,0,0,0,0,0,0,0,0,0
Craig Stevens,TE,24,1.51,16,0,0,0,0,121,2,0,0,0,0,0,0,0,0,0
Josh Hill,TE,24,1.5,16,0,0,0,0,120,2,0,0,0,0,0,0,0,0,0
Virgil Green,TE,23,1.46,16,0,0,0,0,173,1,0,0,0,0,0,0,0,0,0
C.J. Fiedorowicz,TE,23,1.42,16,0,0,0,0,167,1,1,0,0,0,0,0,0,0,0
Marcedes Lewis,TE,23,1.41,16,0,0,0,0,226,0,0,0,0,0,0,0,0,0,0
Clay Harbor,TE,21,1.39,15,0,0,0,0,149,1,0,0,0,0,0,0,0,0,0
Derek Carrier,TE,20,1.68,12,0,0,0,0,141,1,0,0,0,0,0,0,0,0,0
Timothy Wright,TE,20,2.19,9,0,0,0,0,77,2,0,0,0,0,0,0,0,0,0
Tyler Kroft,TE,19,1.18,16,0,0,0,0,129,1,0,0,0,0,0,0,0,0,0
Dion Sims,TE,19,1.44,13,0,0,0,0,127,1,1,0,0,0,0,0,0,0,0
Blake Bell,TE,19,1.33,14,0,0,0,0,186,0,0,0,0,0,0,0,0,0,0
Rhett Ellison,TE,18,1.23,15,0,0,0,0,124,1,0,0,0,0,0,0,0,0,0
Dwayne Allen,TE,17,1.31,13,0,0,1,0,109,1,0,0,0,0,0,0,0,0,0
Jake Stoneburner,TE,17,1.52,11,0,0,0,0,47,2,0,0,0,0,0,0,0,0,0
Justin Perillo,TE,16,1.8,9,0,0,0,0,102,1,0,0,0,0,0,0,0,0,0
Nick Boyle,TE,15,1.39,11,0,0,0,0,153,0,0,0,0,0,0,0,0,0,0
Troy Niklas,TE,15,0.96,16,0,0,0,0,33,2,0,0,0,0,0,0,0,0,0
Chris Gragg,TE,15,1.15,13,0,0,0,0,150,0,0,0,0,0,0,0,0,0,0
Gavin Escobar,TE,14,1.02,14,0,0,0,0,83,1,1,0,0,0,0,0,0,0,0
Demetrius Harris,TE,13,0.84,16,0,0,0,0,74,1,0,0,0,0,0,0,0,0,0
Jack Doyle,TE,13,0.82,16,0,0,0,0,72,1,0,0,0,0,0,0,0,0,0
Chase Coffman,TE,13,6.55,2,0,0,0,0,71,1,0,0,0,0,0,0,0,0,0
Cooper Helfet,TE,13,1,13,0,0,0,0,130,0,0,0,0,0,0,0,0,0,0
Lee Smith,TE,13,0.87,15,0,0,0,0,70,1,0,0,0,0,0,0,0,0,0
John Phillips,TE,13,0.81,16,0,0,0,0,69,1,0,0,0,0,0,0,0,0,0
Brandon Pettigrew,TE,13,1.59,8,0,0,0,0,67,1,0,0,0,0,0,0,0,0,0
Brandon Myers,TE,13,1.15,11,0,0,0,0,127,0,0,0,0,0,0,0,0,0,0
Luke Stocker,TE,12,0.86,14,0,0,0,0,61,1,0,0,0,0,0,0,0,0,0
Tony Moeaki,TE,12,1.18,10,0,0,0,0,58,1,0,0,0,0,0,0,0,0,0
Jesse James,TE,12,1.45,8,0,0,0,0,56,1,0,0,0,0,0,0,0,0,0
Garrett Graham,TE,9,1.12,8,0,0,0,0,30,1,0,0,0,0,0,0,0,0,0
MyCole Pruitt,TE,9,0.56,16,0,0,0,0,89,0,0,0,0,0,0,0,0,0,0
James O'Shaughnessy,TE,9,1.24,7,0,0,0,0,87,0,0,0,0,0,0,0,0,0,0
James Hanna,TE,8,0.56,14,0,0,0,0,79,0,0,0,0,0,0,0,0,0,0
Kellen Davis,TE,8,0.49,16,0,0,0,0,18,1,0,0,0,0,0,0,0,0,0
Jeff Cumberland,TE,8,0.51,15,0,0,0,0,77,0,0,0,0,0,0,0,0,0,0
Jim Dray,TE,6,0.38,16,0,0,0,0,61,0,0,0,0,0,0,0,0,0,0
Daniel Fells,TE,6,3,2,0,0,0,0,60,0,0,0,0,0,0,0,0,0,0
Jerome Cunningham,TE,6,0.66,9,0,0,0,0,59,0,0,0,0,0,0,0,0,0,0
Trey Burton,TE,5,0.34,16,0,0,0,0,54,0,0,0,0,0,0,0,0,0,0
Levine Toilolo,TE,4,0.28,16,0,0,0,0,44,0,0,0,0,0,0,0,0,0,0
Nick O'Leary,TE,4,0.93,4,0,0,0,0,37,0,0,0,0,0,0,0,0,0,0
Rob Housler,TE,3,0.33,10,0,0,0,0,33,0,0,0,0,0,0,0,0,0,0
Phillip Supernaw,TE,3,0.2,16,0,0,0,0,32,0,1,0,0,0,0,0,0,0,0
Andrew Quarless,TE,3,0.62,5,0,0,0,0,31,0,0,0,0,0,0,0,0,0,0
Michael Williams,TE,3,0.17,15,0,0,0,0,26,0,0,0,0,0,0,0,0,0,0
Cory Harkey,TE,3,0.16,16,0,0,0,0,26,0,0,0,0,0,0,0,0,0,0
Matt LaCosse,TE,2,1.1,2,0,0,0,0,22,0,0,0,0,0,0,0,0,0,0
Matt Spaeth,TE,1,0.08,13,0,0,0,0,10,0,0,0,0,0,0,0,0,0,0
Scott Simonson,TE,1,0.11,9,0,0,0,0,10,0,0,0,0,0,0,0,0,0,0
David Johnson,TE,1,0.05,16,0,0,4,0,4,0,1,0,0,0,0,0,0,0,0
Khari Lee,TE,1,0.04,16,0,0,0,0,7,0,0,0,0,0,0,0,0,0,0
E.J. Bibbs,TE,1,0.1,7,0,0,0,0,7,0,0,0,0,0,0,0,0,0,0
Brian Parker,TE,1,0.06,10,0,0,0,0,6,0,0,0,0,0,0,0,0,0,0
Nic Jacobs,TE,1,0.05,11,0,0,0,0,6,0,0,0,0,0,0,0,0,0,0
C.J. Uzomah,TE,0,0.08,5,0,0,0,0,4,0,0,0,0,0,0,0,0,0,0
MarQueis Gray,TE,0,0.05,4,0,0,0,0,2,0,0,0,0,0,0,0,0,0,0
Matthew Mulligan,TE,0,0.02,12,0,0,0,0,2,0,0,0,0,0,0,0,0,0,0
Asante Cleveland,TE,0,0.03,4,0,0,0,0,1,0,0,0,0,0,0,0,0,0,0
James Casey,TE,0,0,3,0,0,0,0,0,0,0,0,0,0,0,0,0,0,0
Richie Brockel,TE,0,0,2,0,0,0,0,0,0,0,0,0,0,0,0,0,0,0
Anthony Denham,TE,0,0,1,0,0,0,0,0,0,0,0,0,0,0,0,0,0,0
Kyle Miller,TE,0,0,2,0,0,0,0,0,0,0,0,0,0,0,0,0,0,0
Mitchell Henry,TE,0,0,2,0,0,0,0,0,0,0,0,0,0,0,0,0,0,0
Wes Saxton,TE,0,0,1,0,0,0,0,0,0,0,0,0,0,0,0,0,0,0
Mickey Shuler,TE,0,0,1,0,0,0,0,0,0,0,0,0,0,0,0,0,0,0
Kennard Backman,TE,0,0,7,0,0,0,0,0,0,0,0,0,0,0,0,0,0,0
Justice Cunningham,TE,0,0,2,0,0,0,0,0,0,0,0,0,0,0,0,0,0,0
Richard Gordon,TE,0,0,1,0,0,0,0,0,0,0,0,0,0,0,0,0,0,0
Brandon Williams,TE,0,0,6,0,0,0,0,0,0,0,0,0,0,0,0,0,0,0
Je'Ron Hamm,TE,0,0,1,0,0,0,0,0,0,0,0,0,0,0,0,0,0,0
Konrad Reuland,TE,0,0,4,0,0,0,0,0,0,0,0,0,0,0,0,0,0,0
Jordan Thompson,TE,0,0,0,0,0,0,0,0,0,0,0,0,0,0,0,0,0,0
Alex Smith,TE,0,0,3,0,0,0,0,0,0,0,0,0,0,0,0,0,0,0
Bear Pascoe,TE,0,0,3,0,0,0,0,0,0,0,0,0,0,0,0,0,0,0
Erik Swoope,TE,0,0,1,0,0,0,0,0,0,0,0,0,0,0,0,0,0,0
Geoff Swaim,TE,0,0,4,0,0,0,0,0,0,0,0,0,0,0,0,0,0,0
Marcel Jensen,TE,0,0,1,0,0,0,0,0,0,0,0,0,0,0,0,0,0,0
Anthony McCoy,TE,0,0,8,0,0,0,0,0,0,0,0,0,0,0,0,0,0,0
Carolina,TEAMD,152,9.5,16,0,0,0,0,0,0,0,44,15,24,5,0,0,0,0
Arizona,TEAMD,147,9.19,16,0,0,0,0,0,0,0,35,14,19,7,2,0,0,0
Denver,TEAMD,144,9,16,0,0,0,0,0,0,0,52,13,14,6,1,0,0,0
Kansas City,TEAMD,143,8.94,16,0,0,0,0,0,0,0,47,7,22,6,1,0,0,0
Philadelphia,TEAMD,127,7.94,16,0,0,0,0,0,0,0,37,11,15,6,1,0,0,0
Pittsburgh,TEAMD,125,7.81,16,0,0,0,0,0,0,0,47,13,17,3,0,0,0,0
Minnesota,TEAMD,123,7.69,16,0,0,0,0,0,0,0,43,9,13,6,0,0,0,0
Los Angeles,TEAMD,119,7.44,16,0,0,0,0,0,0,0,41,13,13,4,1,0,0,0
Indianapolis,TEAMD,117,7.31,16,0,0,0,0,0,0,0,35,8,17,5,1,0,0,0
Washington,TEAMD,116,7.25,16,0,0,0,0,0,0,0,38,15,11,4,1,0,0,0
New York,TEAMD,115,7.19,16,0,0,0,0,0,0,0,23,12,15,6,1,0,0,0
Houston,TEAMD,113,7.06,16,0,0,0,0,0,0,0,45,11,14,3,0,0,0,0
Seattle,TEAMD,111,6.94,16,0,0,0,0,0,0,0,37,8,14,5,0,0,0,0
Green Bay,TEAMD,105,6.56,16,0,0,0,0,0,0,0,43,6,16,3,0,0,0,0
New England,TEAMD,105,6.56,16,0,0,0,0,0,0,0,49,9,12,2,1,0,0,0
Cincinnati,TEAMD,104,6.5,16,0,0,0,0,0,0,0,42,7,21,1,0,0,0,0
Tampa Bay,TEAMD,102,6.38,16,0,0,0,0,0,0,0,38,12,11,3,0,0,0,0
New York,TEAMD,98,6.12,16,0,0,0,0,0,0,0,38,12,18,0,0,0,0,0
Oakland,TEAMD,98,6.12,16,0,0,0,0,0,0,0,38,11,14,1,2,0,0,0
Detroit,TEAMD,97,6.06,16,0,0,0,0,0,0,0,43,10,9,2,2,0,0,0
Jacksonville,TEAMD,96,6,16,0,0,0,0,0,0,0,36,9,9,4,0,0,0,0
New Orleans,TEAMD,92,5.75,16,0,0,0,0,0,0,0,30,13,9,3,0,0,0,0
Buffalo,TEAMD,91,5.69,16,0,0,0,0,0,0,0,21,8,17,3,1,0,0,0
Atlanta,TEAMD,89,5.56,16,0,0,0,0,0,0,0,19,8,15,4,0,0,0,0
Cleveland,TEAMD,89,5.56,16,0,0,0,0,0,0,0,29,10,11,3,0,0,0,0
Tennessee,TEAMD,89,5.56,16,0,0,0,0,0,0,0,39,8,11,2,0,0,0,0
Miami,TEAMD,87,5.44,16,0,0,0,0,0,0,0,31,3,13,4,0,0,0,0
Baltimore,TEAMD,81,5.06,16,0,0,0,0,0,0,0,37,7,6,3,0,0,0,0
San Diego,TEAMD,78,4.88,16,0,0,0,0,0,0,0,32,9,11,1,0,0,0,0
Chicago,TEAMD,69,4.31,16,0,0,0,0,0,0,0,35,9,8,0,0,0,0,0
Dallas,TEAMD,61,3.81,16,0,0,0,0,0,0,0,31,3,8,1,1,0,0,0
San Francisco,TEAMD,58,3.62,16,0,0,0,0,0,0,0,28,3,9,1,0,0,0,0
Stephen Gostkowski,K,168,10.47,16,0,0,0,0,0,0,0,0,0,0,0,0,33,3,52
Graham Gano,K,161,10.06,16,0,0,0,0,0,0,0,0,0,0,0,0,30,6,56
Blair Walsh,K,152,9.5,16,0,0,0,0,0,0,0,0,0,0,0,0,34,5,33
Chandler Catanzaro,K,151,9.44,16,0,0,0,0,0,0,0,0,0,0,0,0,28,3,53
Josh Brown,K,149,9.31,16,0,0,0,0,0,0,0,0,0,0,0,0,30,2,44
Justin Tucker,K,144,9.03,16,0,0,0,0,0,0,0,0,0,0,0,0,33,7,29
Cairo Santos,K,144,9,16,0,0,0,0,0,0,0,0,0,0,0,0,30,7,39
Robbie Gould,K,144,8.97,16,0,0,0,0,0,0,0,0,0,0,0,0,33,6,28
Steven Hauschka,K,142,8.84,16,0,0,0,0,0,0,0,0,0,0,0,0,29,2,40
Brandon McManus,K,140,8.75,16,0,0,0,0,0,0,0,0,0,0,0,0,30,5,35
Dan Bailey,K,130,8.12,16,0,0,0,0,0,0,0,0,0,0,0,0,30,2,25
Mike Nugent,K,128,8.03,16,0,0,0,0,0,0,0,0,0,0,0,0,23,5,48
Chris Boswell,K,128,10.62,12,0,0,0,0,0,0,0,0,0,0,0,0,29,3,26
Dustin Hopkins,K,126,8.43,15,0,0,0,0,0,0,0,0,0,0,0,0,25,3,39
Jason Myers,K,123,7.69,16,0,0,0,0,0,0,0,0,0,0,0,0,26,4,32
Travis Coons,K,120,7.5,16,0,0,0,0,0,0,0,0,0,0,0,0,28,4,22
Mason Crosby,K,120,7.5,16,0,0,0,0,0,0,0,0,0,0,0,0,24,4,36
Adam Vinatieri,K,120,7.47,16,0,0,0,0,0,0,0,0,0,0,0,0,25,2,32
Josh Lambo,K,119,7.44,16,0,0,0,0,0,0,0,0,0,0,0,0,26,6,28
Dan Carpenter,K,114,7.16,16,0,0,0,0,0,0,0,0,0,0,0,0,23,4,34
Matt Prater,K,113,7.06,16,0,0,0,0,0,0,0,0,0,0,0,0,22,2,36
Sebastian Janikowski,K,112,6.97,16,0,0,0,0,0,0,0,0,0,0,0,0,21,5,38
Connor Barth,K,106,8.79,12,0,0,0,0,0,0,0,0,0,0,0,0,23,5,25
Phil Dawson,K,104,6.5,16,0,0,0,0,0,0,0,0,0,0,0,0,24,3,20
Caleb Sturgis,K,98,7.54,13,0,0,0,0,0,0,0,0,0,0,0,0,18,4,35
Greg Zuerlein,K,96,6.86,14,0,0,0,0,0,0,0,0,0,0,0,0,20,10,26
Nick Novak,K,92,7.08,13,0,0,0,0,0,0,0,0,0,0,0,0,18,3,29
Randy Bullock,K,88,8.05,11,0,0,0,0,0,0,0,0,0,0,0,0,19,4,22
Andrew Franks,K,78,4.91,16,0,0,0,0,0,0,0,0,0,0,0,0,13,3,33
Ryan Succop,K,78,4.88,16,0,0,0,0,0,0,0,0,0,0,0,0,14,2,29
Matt Bryant,K,75,6.82,11,0,0,0,0,0,0,0,0,0,0,0,0,14,4,26
Kai Forbath,K,69,6.27,11,0,0,0,0,0,0,0,0,0,0,0,0,10,5,34
Nick Folk,K,64,8.06,8,0,0,0,0,0,0,0,0,0,0,0,0,13,3,19
Zach Hocker,K,47,5.88,8,0,0,0,0,0,0,0,0,0,0,0,0,10,4,12
Shayne Graham,K,46,9.3,5,0,0,0,0,0,0,0,0,0,0,0,0,11,2,8
Josh Scobee,K,27,6.75,4,0,0,0,0,0,0,0,0,0,0,0,0,6,4,6
Kyle Brindza,K,27,6.75,4,0,0,0,0,0,0,0,0,0,0,0,0,6,6,6
Cody Parkey,K,18,5.83,3,0,0,0,0,0,0,0,0,0,0,0,0,3,1,7
Billy Cundiff,K,0,0,1,0,0,0,0,0,0,0,0,0,0,0,0,0,0,0
Jordan Gay,K,0,0,14,0,0,0,0,0,0,0,0,0,0,0,0,0,0,0
